trial,p50_ms,p95_ms,req_s,rand_read_iops,rand_write_iops,seq_read_iops,seq_write_iops
1,32.65,60.21,868.0,453914.884752,189737.658745,14552.872356,5774.922508
2,34.12,63.82,845.5,428233.596107,189248.716752,14551.639085,5448.429298
3,29.55,52.58,995.5,371927.234546,179533.298890,14551.546564,5860.011666
4,33.37,60.1,828.7,347805.636573,184728.305975,14555.105578,6518.139550
5,34.24,61.14,855.6,337146.697555,173186.234480,14550.239155,5977.368930
