trial,p50_ms,p95_ms,req_s,rand_read_iops,rand_write_iops,seq_read_iops,seq_write_iops
1,21.38,42.86,1290.9,490070.148831,220690.593647,18549.3392,5970.071655
2,21.44,40.95,1365.9,351205.726476,184822.225555,16685.810473,5883.344999
3,20.9,38.79,1400.7,326114.031433,181958.685399,16057.147143,5652.345638
4,20.62,38.09,1408.5,315341.244313,176094.71351,15558.238755,5749.658413
5,21.05,39.29,1402.5,310043.249279,177132.495583,15474.784174,5645.181717
