trial,p50_ms,p95_ms,req_s,rand_read_iops,rand_write_iops,seq_read_iops,seq_write_iops
1,null,null,0.0,490070.148831,220690.593647,18549.339200,5970.071655
2,null,null,0.0,351205.726476,184822.225555,16685.810473,5883.344999
3,null,null,0.0,326114.031433,181958.685399,16057.147143,5652.345638
4,null,null,0.0,315341.244313,176094.713510,15558.238755,5749.658413
5,null,null,0.0,310043.249279,177132.495583,15474.784174,5645.181717
